User,Rec_Comm_sentiment_score
AccountantNatural550,-0.8951878921568628
Accurate-Row-8539,2.8032511107140308
Chief_Serge,3.669852158174983
Codman7,3.6751123059123314
Coupi_Doupi,0.7753782638106993
Cyrax_312,0.9744128174603175
DezzieFoxyote,1.101774995434898
Ethanbrocks,0.5774144858879562
Faceless132,0.3847093503976245
Headb00m,-1.3180869495434504
Inner_shadower0,0.6922076545308836
ItsApplesandOranges,0.007283116883116884
JacketsTapeRecorder,-1.8787994940212105
JeeringDragon,-0.12071724396948087
Joudeh_1996,-0.9055170057720056
KoolKbeludo,2.6866914102564103
MadrasMoney,-0.2877740476190476
Megumi_Bandicoot,0.2679099539170507
Memesvonberkay,0.8099514492753623
Mr_Gamer_69,1.6755438095982689
Onetimeguy8,0.7933746210540149
Pow67,1.2569115237300896
Puggleboi2,0.3139221708683474
RealMZAce,2.8816101032730663
RuggedTheDragon,0.19733139311055198
SadHappyRobotMusic,2.397144342105263
Sad_Opportunity8197,0.043602719780219915
Saygisiz_Adam,0.0065056706166677775
ScottyFoxes,0.28927893822680584
Showaren_elle,2.0175858533058726
Slavyslav106,0.3631876275040748
SpeedCollisis,0.5512994330457216
ThatMomentWhenRiley,0.9377030637511012
TheFuschiaIsNow,1.4188147628406282
TiposTaco,1.0559971671085522
_idont-have-a-name_,0.37879975963072016
bajateraho,1.0308722133319896
bonemech_meatsuit,1.199903890440713
deadtvreviews,2.5937355437895437
denierCZ,1.1338177647670222
dsb007,1.6050367570337873
imsonicthehedhog12,-0.49095111111111117
itzRealzBoyz0,3.1468150396825396
llamanatee,0.40832111111111113
milney327,0.3434508101054924
p1nkm4n_,-0.030273661259375695
paddchy,0.36520964579517506
sornia760,1.4884463750941945
tommydorito_,0.9327406956565006
zoleilsstufff,-0.3872341972143395
